"budget","interventions_per_package"
10000000,7.21428571428571
32500000,11.1
55000000,13.85
77500000,16.1764705882353
100000000,16.375
